PLAYER_ID,PLAYER_NAME,TEAM_ID,TEAM_ABBREVIATION,AGE,GP,W,L,MIN,PTS,REB,AST,STL,BLK,TOV,FG_PCT,FG3_PCT,FT_PCT
1631260,AJ Green,1610612749,MIL,26.0,17,8,9,28.6,11.0,2.6,1.8,0.4,0.1,0.8,0.48,0.482,0.789
1642358,AJ Johnson,1610612764,WAS,20.0,8,0,8,4.7,0.9,0.6,0.5,0.0,0.0,0.1,0.182,0.0,0.75
203932,Aaron Gordon,1610612743,DEN,30.0,13,10,3,28.3,18.8,5.9,1.3,0.8,0.2,1.4,0.532,0.444,0.867
1628988,Aaron Holiday,1610612745,HOU,29.0,9,8,1,10.1,5.8,0.4,0.8,0.2,0.1,0.6,0.536,0.421,0.933
1630174,Aaron Nesmith,1610612754,IND,26.0,11,1,10,30.4,15.5,4.5,1.5,0.8,0.3,0.7,0.367,0.373,0.795
1630598,Aaron Wiggins,1610612760,OKC,26.0,9,8,1,27.6,14.8,3.7,2.2,0.4,0.8,1.0,0.459,0.417,0.667
1642846,Ace Bailey,1610612762,UTA,19.0,15,5,10,20.3,9.1,3.3,1.6,0.8,0.1,1.4,0.442,0.333,0.824
1641737,Adem Bona,1610612755,PHI,22.0,12,7,5,14.8,2.2,3.4,0.3,0.4,1.7,0.6,0.45,0.0,0.5
1642876,Adou Thiero,1610612747,LAL,21.0,2,2,0,4.1,3.0,0.5,0.0,0.0,0.0,0.0,1.0,0.0,1.0
1642349,Ajay Mitchell,1610612760,OKC,23.0,17,16,1,27.9,15.9,3.8,3.8,1.8,0.4,1.8,0.441,0.317,0.918
201143,Al Horford,1610612744,GSW,39.0,12,7,5,21.8,5.8,4.3,1.8,1.0,1.0,1.3,0.343,0.32,1.0
1627936,Alex Caruso,1610612760,OKC,31.0,12,12,0,18.5,5.9,2.1,2.7,1.8,0.3,0.8,0.391,0.349,0.75
1642259,Alex Sarr,1610612764,WAS,20.0,14,1,13,28.9,18.1,8.4,3.6,0.6,2.0,2.3,0.507,0.348,0.683
1630578,Alperen Sengun,1610612745,HOU,23.0,14,10,4,36.8,22.7,10.0,7.3,1.2,0.9,3.5,0.485,0.436,0.743
1642873,Amari Williams,1610612738,BOS,23.0,2,0,2,3.4,1.0,1.0,0.5,0.5,0.0,0.0,0.5,0.0,0.0
1641708,Amen Thompson,1610612745,HOU,22.0,14,10,4,36.4,17.2,6.4,5.0,1.6,0.4,2.2,0.475,0.219,0.764
1629599,Amir Coffey,1610612749,MIL,28.0,14,7,7,9.3,1.7,1.0,0.6,0.0,0.1,0.1,0.45,0.333,1.0
203083,Andre Drummond,1610612755,PHI,32.0,14,9,5,23.3,8.2,9.6,0.7,0.9,0.9,0.8,0.575,0.389,0.615
1641748,Andre Jackson Jr.,1610612749,MIL,24.0,7,2,5,7.3,0.9,0.9,1.6,0.6,0.1,0.6,0.25,0.25,0.5
1629614,Andrew Nembhard,1610612754,IND,25.0,9,1,8,29.6,19.0,1.7,6.4,0.4,0.2,2.6,0.422,0.347,0.939
203952,Andrew Wiggins,1610612748,MIA,30.0,15,9,6,33.0,16.7,4.9,2.8,1.1,0.9,2.0,0.481,0.365,0.649
1629014,Anfernee Simons,1610612738,BOS,26.0,16,8,8,25.1,13.9,2.3,2.6,0.5,0.2,1.5,0.432,0.4,0.846
1641710,Anthony Black,1610612753,ORL,21.0,17,10,7,27.1,11.7,3.0,2.6,1.5,0.6,2.0,0.48,0.304,0.679
203076,Anthony Davis,1610612742,DAL,32.0,5,2,3,29.9,20.8,10.2,2.2,1.6,1.2,2.2,0.52,0.273,0.742
1630162,Anthony Edwards,1610612750,MIN,24.0,12,8,4,31.6,26.5,4.3,3.5,1.5,0.7,2.5,0.465,0.374,0.841
1630264,Anthony Gill,1610612764,WAS,33.0,6,0,6,3.0,2.2,0.8,0.0,0.0,0.0,0.3,0.8,1.0,1.0
1641810,Antonio Reeves,1610612766,CHA,25.0,2,0,2,10.5,4.5,1.0,0.0,0.0,0.0,0.0,0.5,0.6,0.0
1630574,Ariel Hukporti,1610612752,NYK,23.0,9,5,4,6.6,1.0,2.1,0.6,0.1,0.2,0.6,0.5,0.0,0.5
1642854,Asa Newell,1610612737,ATL,20.0,10,8,2,8.5,4.7,1.7,0.1,0.4,0.3,0.4,0.485,0.471,0.778
1641709,Ausar Thompson,1610612765,DET,22.0,12,10,2,28.5,12.6,5.8,2.9,1.8,0.9,1.2,0.508,0.308,0.487
1630559,Austin Reaves,1610612747,LAL,27.0,12,9,3,36.1,28.1,5.1,7.6,1.3,0.1,3.4,0.49,0.326,0.872
1630245,Ayo Dosunmu,1610612741,CHI,25.0,14,8,6,26.1,15.6,2.6,3.1,0.5,0.3,1.3,0.549,0.473,0.857
1628389,Bam Adebayo,1610612748,MIA,28.0,10,6,4,30.1,19.7,7.9,3.1,0.9,0.7,1.8,0.453,0.375,0.857
1631248,Baylor Scheierman,1610612738,BOS,25.0,12,7,5,10.3,3.1,2.1,0.5,0.3,0.1,0.2,0.591,0.556,1.0
1642879,Ben Saraf,1610612751,BKN,19.0,7,0,7,13.8,3.3,1.9,2.4,0.3,0.0,1.3,0.259,0.231,0.75
1641767,Ben Sheppard,1610612754,IND,24.0,16,2,14,25.7,6.6,4.5,2.0,0.7,0.2,0.6,0.322,0.206,0.824
1631097,Bennedict Mathurin,1610612754,IND,23.0,5,1,4,33.9,26.4,7.2,2.2,0.6,0.2,2.6,0.507,0.387,0.815
1641731,Bilal Coulibaly,1610612764,WAS,21.0,8,0,8,25.4,9.6,3.9,3.3,1.0,1.0,1.6,0.387,0.308,0.808
202687,Bismack Biyombo,1610612759,SAS,33.0,6,5,1,7.6,0.3,1.0,0.3,0.5,0.2,0.3,0.5,0.0,0.0
1631104,Blake Wesley,1610612757,POR,22.0,6,4,2,16.3,6.0,2.3,3.2,1.7,0.2,1.2,0.412,0.2,0.6
1626171,Bobby Portis,1610612749,MIL,30.0,17,8,9,21.5,10.8,5.8,1.1,0.4,0.1,1.1,0.5,0.472,0.714
1641752,Bobi Klintman,1610612765,DET,22.0,6,5,1,8.8,2.8,2.7,0.7,0.3,0.0,0.8,0.333,0.273,0.0
203992,Bogdan Bogdanović,1610612746,LAC,33.0,9,2,7,25.6,9.2,3.4,3.3,0.8,0.1,1.4,0.373,0.34,0.846
1630538,Bones Hyland,1610612750,MIN,25.0,13,9,4,9.1,3.9,1.2,1.4,0.5,0.0,0.6,0.488,0.32,0.75
203078,Bradley Beal,1610612746,LAC,32.0,6,2,4,20.2,8.2,0.8,1.7,0.5,0.0,1.5,0.375,0.368,0.75
1642382,Branden Carlson,1610612760,OKC,26.0,12,11,1,8.4,3.4,1.8,0.5,0.2,0.6,0.3,0.459,0.235,0.6
1641764,Brandin Podziemski,1610612744,GSW,22.0,18,9,9,28.7,12.4,4.6,2.9,1.2,0.3,1.3,0.438,0.379,0.778
1627742,Brandon Ingram,1610612761,TOR,28.0,16,11,5,33.1,21.1,5.8,4.0,1.0,0.8,2.8,0.496,0.288,0.885
1641706,Brandon Miller,1610612766,CHA,23.0,3,1,2,21.8,16.7,0.3,3.7,0.7,0.7,1.0,0.419,0.19,0.769
1630314,Brandon Williams,1610612742,DAL,26.0,16,4,12,22.0,10.9,2.8,3.9,1.6,0.3,2.1,0.396,0.188,0.825
1641729,Brice Sensabaugh,1610612762,UTA,22.0,14,4,10,14.9,8.5,2.6,1.2,0.6,0.1,0.9,0.432,0.338,0.933
1642355,Bronny James,1610612747,LAL,21.0,10,7,3,11.1,2.1,0.9,1.8,0.8,0.1,0.8,0.296,0.273,1.0
201572,Brook Lopez,1610612746,LAC,37.0,16,5,11,14.6,6.7,2.0,0.6,0.3,0.9,0.8,0.413,0.365,0.727
1642964,Brooks Barnhizer,1610612760,OKC,23.0,14,13,1,7.5,1.1,2.0,0.3,0.1,0.1,0.1,0.5,0.0,0.5
1628971,Bruce Brown,1610612743,DEN,29.0,16,12,4,22.9,6.5,3.9,1.6,0.9,0.2,0.8,0.424,0.321,0.81
1631121,Bryce McGowens,1610612740,NOP,23.0,7,0,7,9.0,3.9,0.7,0.4,0.4,0.1,0.1,0.444,0.0,0.786
1642267,Bub Carrington,1610612764,WAS,20.0,16,1,15,25.4,6.3,3.6,4.1,0.6,0.1,2.3,0.343,0.447,0.714
1627741,Buddy Hield,1610612744,GSW,32.0,18,9,9,17.4,6.9,1.7,1.5,0.9,0.0,1.2,0.405,0.301,0.923
203468,CJ McCollum,1610612764,WAS,34.0,16,1,15,29.2,16.5,3.3,3.3,0.7,0.3,1.4,0.409,0.38,0.813
1630595,Cade Cunningham,1610612765,DET,24.0,13,11,2,36.4,27.4,5.6,9.9,1.4,0.8,3.6,0.444,0.291,0.823
1631216,Caleb Houstan,1610612737,ATL,22.0,7,5,2,5.4,2.4,0.6,0.3,0.1,0.1,0.4,0.455,0.5,1.0
1631126,Caleb Love,1610612757,POR,24.0,8,3,5,16.6,8.1,3.4,2.3,0.5,0.0,0.6,0.338,0.273,0.833
1628997,Caleb Martin,1610612742,DAL,30.0,15,4,11,10.0,1.6,1.5,1.0,0.4,0.1,0.5,0.308,0.111,0.875
1642353,Cam Christie,1610612746,LAC,20.0,11,2,9,12.4,5.5,2.3,0.7,0.4,0.2,0.5,0.386,0.364,0.783
1642285,Cam Spencer,1610612763,MEM,25.0,17,6,11,19.6,9.5,2.1,3.3,0.7,0.1,0.8,0.427,0.425,0.871
1630560,Cam Thomas,1610612751,BKN,24.0,8,1,7,28.3,21.4,1.4,2.6,0.5,0.1,2.0,0.402,0.356,0.875
1641715,Cam Whitmore,1610612764,WAS,21.0,16,1,15,17.2,10.0,2.8,0.8,0.8,0.2,1.0,0.492,0.357,0.778
1629661,Cameron Johnson,1610612743,DEN,29.0,15,11,4,27.2,9.4,3.1,2.2,0.5,0.2,0.8,0.435,0.333,0.815
1627747,Caris LeVert,1610612765,DET,31.0,11,10,1,19.2,9.0,1.5,3.3,0.6,0.4,1.6,0.493,0.394,0.571
1642868,Carter Bryant,1610612759,SAS,19.0,10,9,1,6.4,2.2,1.2,0.0,0.2,0.1,0.4,0.296,0.214,1.0
1641717,Cason Wallace,1610612760,OKC,22.0,16,15,1,28.7,8.8,2.9,2.6,2.4,0.3,1.2,0.43,0.382,0.909
1642907,Cedric Coward,1610612763,MEM,22.0,17,6,11,26.4,14.3,6.0,2.8,0.7,0.4,1.2,0.468,0.39,0.875
1629646,Charles Bassey,1610612763,MEM,25.0,2,0,2,15.3,3.5,7.5,1.0,0.5,0.5,0.5,0.375,0.0,0.333
1642404,Chaz Lanier,1610612765,DET,23.0,12,11,1,10.8,3.6,1.2,0.8,0.3,0.0,0.1,0.35,0.333,1.0
1631096,Chet Holmgren,1610612760,OKC,23.0,13,13,0,29.7,19.3,7.8,1.6,0.8,1.4,2.3,0.578,0.357,0.849
1628449,Chris Boucher,1610612738,BOS,32.0,7,2,5,10.9,2.4,2.4,0.3,0.6,0.7,0.1,0.318,0.083,1.0
1643024,Chris Mañon,1610612747,LAL,23.0,2,1,1,3.5,0.0,1.0,0.0,0.0,0.5,0.0,0.0,0.0,0.0
101108,Chris Paul,1610612746,LAC,40.0,11,4,7,14.6,2.5,2.0,3.7,0.9,0.0,1.1,0.263,0.28,0.5
1642959,Chris Youngblood,1610612760,OKC,23.0,15,15,0,4.8,1.7,0.6,0.1,0.1,0.0,0.0,0.35,0.353,1.0
1631128,Christian Braun,1610612743,DEN,24.0,11,9,2,29.6,11.4,4.4,3.0,0.8,0.3,1.3,0.495,0.214,0.793
1631132,Christian Koloko,1610612747,LAL,25.0,2,1,1,3.2,0.0,0.5,0.0,0.0,0.0,0.0,0.0,0.0,0.0
203991,Clint Capela,1610612745,HOU,31.0,13,9,4,9.7,3.4,4.2,0.3,0.4,0.5,0.4,0.6,0.0,0.8
1629632,Coby White,1610612741,CHI,25.0,3,2,1,29.7,24.0,2.7,7.0,1.0,0.0,3.3,0.426,0.393,0.875
1628998,Cody Martin,1610612754,IND,30.0,4,0,4,13.8,1.8,3.5,0.5,1.0,0.5,1.0,0.2,0.0,0.5
1642262,Cody Williams,1610612762,UTA,21.0,10,3,7,13.8,2.5,1.0,0.6,0.3,0.2,0.4,0.324,0.118,0.333
1641732,Colby Jones,1610612765,DET,23.0,1,0,1,6.8,2.0,4.0,2.0,0.0,0.0,0.0,0.333,0.0,0.0
1630175,Cole Anthony,1610612749,MIL,25.0,16,8,8,19.3,8.3,3.3,5.1,0.7,0.4,2.4,0.412,0.293,0.533
1631221,Collin Gillespie,1610612756,PHX,26.0,16,10,6,25.0,11.1,4.3,5.1,1.1,0.4,1.6,0.414,0.404,0.818
1642867,Collin Murray-Boyles,1610612761,TOR,20.0,11,7,4,20.0,8.5,3.5,1.2,0.7,0.5,1.1,0.5,0.5,0.762
1629012,Collin Sexton,1610612766,CHA,26.0,15,4,11,26.0,15.4,2.3,4.7,0.7,0.0,2.7,0.466,0.396,0.866
1642843,Cooper Flagg,1610612742,DAL,18.0,17,5,12,33.6,16.1,6.4,3.1,1.3,0.7,2.1,0.457,0.277,0.786
1630557,Corey Kispert,1610612764,WAS,26.0,16,1,15,19.6,8.3,2.4,1.8,0.3,0.1,0.7,0.5,0.39,0.75
1641854,Craig Porter Jr.,1610612739,CLE,25.0,17,11,6,17.4,5.8,2.9,2.5,1.0,0.6,0.8,0.533,0.448,0.5
1626156,D'Angelo Russell,1610612742,DAL,29.0,16,4,12,22.2,12.6,2.9,5.0,0.6,0.1,2.4,0.399,0.256,0.696
1641747,DaRon Holmes II,1610612743,DEN,23.0,2,2,0,2.2,1.5,0.0,0.0,0.0,0.0,0.0,1.0,1.0,0.0
1631342,Daeqwon Plowden,1610612758,SAC,27.0,1,0,1,14.0,2.0,2.0,0.0,0.0,0.0,0.0,0.2,0.0,0.0
1631207,Dalen Terry,1610612741,CHI,23.0,10,5,5,8.9,2.3,1.3,1.5,0.4,0.3,0.4,0.45,0.286,0.429
1642261,Dalton Knecht,1610612747,LAL,24.0,14,11,3,17.8,7.1,2.2,0.6,0.5,0.4,0.6,0.464,0.326,0.667
1629655,Daniel Gafford,1610612742,DAL,27.0,12,3,9,23.6,9.7,6.3,1.6,0.9,1.6,1.3,0.629,0.0,0.778
1642450,Daniss Jenkins,1610612765,DET,24.0,11,10,1,21.1,11.4,2.0,4.3,1.5,0.0,1.7,0.51,0.467,0.688
1642874,Danny Wolf,1610612751,BKN,21.0,3,0,3,2.6,0.7,0.7,0.7,0.0,0.0,0.0,0.0,0.0,1.0
203967,Dario Šarić,1610612758,SAC,31.0,3,1,2,9.2,1.7,1.7,0.7,0.0,0.0,0.3,0.2,0.5,1.0
1629636,Darius Garland,1610612739,CLE,25.0,4,3,1,25.0,14.8,2.8,5.5,0.8,0.0,2.3,0.354,0.435,1.0
1642357,David Jones Garcia,1610612759,SAS,23.0,5,4,1,7.2,4.6,1.8,2.4,0.6,0.2,0.2,0.667,1.0,0.4
1630558,Davion Mitchell,1610612748,MIA,27.0,16,10,6,29.9,10.6,2.6,7.3,1.3,0.1,1.6,0.519,0.383,0.577
1630549,Day'Ron Sharpe,1610612751,BKN,24.0,14,3,11,15.7,6.9,5.3,1.9,0.9,0.5,2.0,0.632,0.25,0.667
1628368,De'Aaron Fox,1610612759,SAS,27.0,7,5,2,33.6,23.1,3.4,6.6,1.4,0.3,3.4,0.517,0.386,0.778
1629631,De'Andre Hunter,1610612739,CLE,27.0,14,9,5,28.9,18.1,4.9,2.7,0.7,0.2,1.7,0.453,0.313,0.862
201599,DeAndre Jordan,1610612740,NOP,37.0,2,0,2,11.7,4.5,5.0,0.0,0.0,0.0,0.5,0.8,0.0,0.5
201942,DeMar DeRozan,1610612758,SAC,36.0,17,4,13,32.7,17.9,3.3,3.6,1.2,0.2,1.1,0.495,0.361,0.877
1629731,Dean Wade,1610612739,CLE,29.0,16,10,6,22.4,5.3,3.9,1.5,0.7,0.7,0.3,0.377,0.304,0.625
1629028,Deandre Ayton,1610612747,LAL,27.0,14,10,4,30.3,16.5,8.8,0.9,0.7,0.9,2.6,0.699,0.0,0.565
1630166,Deni Avdija,1610612757,POR,24.0,16,7,9,34.3,25.9,6.7,5.7,0.6,0.8,3.6,0.482,0.37,0.841
203471,Dennis Schröder,1610612758,SAC,32.0,17,4,13,29.5,12.8,3.6,5.8,0.9,0.2,2.0,0.402,0.338,0.769
1641726,Dereck Lively II,1610612742,DAL,21.0,7,3,4,16.5,4.3,5.3,1.9,0.6,1.6,1.4,0.611,0.0,0.8
1642852,Derik Queen,1610612740,NOP,20.0,17,2,15,24.2,12.6,6.6,3.2,1.1,0.8,2.5,0.488,0.125,0.779
1627884,Derrick Jones Jr.,1610612746,LAC,28.0,13,4,9,24.9,10.5,2.4,1.1,0.8,1.2,0.8,0.533,0.348,0.786
1628401,Derrick White,1610612738,BOS,31.0,16,8,8,32.9,15.3,3.8,5.3,1.7,1.2,1.4,0.348,0.297,0.81
1630217,Desmond Bane,1610612753,ORL,27.0,17,10,7,32.8,17.4,4.5,4.5,0.8,0.3,2.4,0.434,0.337,0.934
1626164,Devin Booker,1610612756,PHX,29.0,16,10,6,35.3,27.1,4.1,7.1,0.9,0.3,4.1,0.477,0.333,0.893
1642269,Devin Carter,1610612758,SAC,23.0,8,1,7,8.1,2.1,1.5,1.1,0.8,0.1,0.8,0.238,0.182,1.0
1630170,Devin Vassell,1610612759,SAS,25.0,15,11,4,33.2,13.7,3.6,2.6,1.1,0.3,1.1,0.407,0.359,0.8
1628415,Dillon Brooks,1610612756,PHX,29.0,10,7,3,30.2,21.0,3.3,2.0,2.1,0.2,2.2,0.46,0.342,0.872
1627734,Domantas Sabonis,1610612758,SAC,29.0,11,2,9,33.2,17.2,12.3,3.7,1.2,0.2,2.5,0.51,0.2,0.725
1631230,Dominick Barlow,1610612755,PHI,22.0,6,4,2,24.4,6.5,5.0,2.3,0.5,1.0,1.7,0.536,0.333,0.75
1642270,Donovan Clingan,1610612757,POR,21.0,16,7,9,25.6,10.2,10.0,1.6,0.8,1.6,0.7,0.496,0.213,0.885
1628378,Donovan Mitchell,1610612739,CLE,29.0,15,10,5,34.1,30.3,4.8,5.3,1.5,0.4,3.4,0.507,0.383,0.822
1628978,Donte DiVincenzo,1610612750,MIN,28.0,16,10,6,30.8,13.6,3.9,3.6,1.2,0.5,1.5,0.421,0.388,0.86
203926,Doug McDermott,1610612758,SAC,33.0,1,0,1,7.8,6.0,0.0,0.0,0.0,0.0,1.0,0.667,0.667,0.0
1642962,Drake Powell,1610612751,BKN,20.0,9,2,7,18.9,6.1,2.1,1.8,1.0,0.1,1.2,0.512,0.4,1.0
203110,Draymond Green,1610612744,GSW,35.0,16,9,7,28.7,8.1,5.8,5.8,0.9,0.8,3.2,0.388,0.357,0.579
1629234,Drew Eubanks,1610612758,SAC,28.0,17,4,13,16.2,6.6,2.9,0.3,0.6,0.9,1.0,0.644,0.5,0.515
1641809,Drew Peterson,1610612766,CHA,26.0,3,0,3,14.6,1.7,1.7,0.3,0.7,0.3,0.0,0.182,0.0,0.5
1630696,Dru Smith,1610612748,MIA,27.0,16,10,6,17.1,6.5,2.4,3.3,1.6,0.1,1.0,0.468,0.4,0.762
1629130,Duncan Robinson,1610612765,DET,31.0,16,14,2,31.9,12.8,2.8,2.0,0.9,0.3,0.7,0.463,0.44,0.75
1641871,Duop Reath,1610612757,POR,29.0,12,7,5,7.2,3.4,0.5,0.3,0.0,0.1,0.1,0.583,0.591,0.0
203939,Dwight Powell,1610612742,DAL,34.0,13,3,10,9.0,2.1,2.0,0.6,0.3,0.2,0.4,0.5,0.0,0.833
1642928,Dylan Cardwell,1610612758,SAC,23.0,3,1,2,10.8,1.7,1.7,0.0,0.7,1.0,0.7,0.333,0.0,0.5
1642844,Dylan Harper,1610612759,SAS,19.0,6,5,1,23.4,14.0,4.0,3.8,0.7,0.0,1.8,0.5,0.357,0.833
1630700,Dyson Daniels,1610612737,ATL,22.0,17,10,7,32.8,9.2,6.1,5.6,2.3,0.5,2.2,0.476,0.158,0.625
1630604,E.J. Liddell,1610612751,BKN,24.0,5,1,4,4.9,2.4,1.4,0.0,0.0,0.0,0.0,0.364,0.25,0.667
1642856,Egor Dëmin,1610612751,BKN,19.0,14,3,11,21.3,7.7,3.2,3.5,0.9,0.2,1.6,0.389,0.388,0.889
1641989,Elijah Harkless,1610612762,UTA,25.0,7,2,5,9.4,2.4,0.9,0.7,0.6,0.0,0.4,0.364,0.286,0.778
201569,Eric Gordon,1610612755,PHI,36.0,3,2,1,7.1,2.7,0.0,0.3,0.3,0.0,0.7,0.6,0.5,0.0
1630596,Evan Mobley,1610612739,CLE,24.0,16,10,6,34.4,19.0,8.8,4.0,1.1,1.6,2.7,0.476,0.357,0.607
1630532,Franz Wagner,1610612753,ORL,24.0,17,10,7,35.4,23.5,6.4,3.9,1.1,0.4,1.9,0.47,0.358,0.844
1641713,GG Jackson,1610612763,MEM,20.0,8,4,4,6.8,2.5,1.8,0.3,0.5,0.1,0.3,0.25,0.0,0.667
1629216,Gabe Vincent,1610612747,LAL,29.0,4,3,1,21.9,4.3,0.8,2.0,0.8,0.0,0.5,0.313,0.308,1.0
202066,Garrett Temple,1610612761,TOR,39.0,3,3,0,3.3,1.3,0.3,0.3,0.0,0.3,0.3,0.5,0.5,0.5
1629726,Garrison Mathews,1610612754,IND,29.0,1,0,1,10.3,0.0,1.0,0.0,0.0,0.0,0.0,0.0,0.0,0.0
203914,Gary Harris,1610612749,MIL,31.0,10,4,6,10.8,2.6,0.6,0.8,0.8,0.2,0.2,0.526,0.455,1.0
1627780,Gary Payton II,1610612744,GSW,32.0,17,8,9,10.8,2.9,2.8,1.2,0.6,0.4,0.5,0.458,0.222,1.0
1629018,Gary Trent Jr.,1610612749,MIL,26.0,17,8,9,27.8,10.1,1.4,1.9,1.0,0.1,0.8,0.405,0.382,0.722
203507,Giannis Antetokounmpo,1610612749,MIL,30.0,13,7,6,31.8,31.2,10.8,6.8,0.9,1.2,3.5,0.629,0.5,0.636
1629048,Goga Bitadze,1610612753,ORL,26.0,17,10,7,16.7,6.2,5.1,1.5,0.6,1.2,0.6,0.736,0.333,0.758
1641711,Gradey Dick,1610612761,TOR,22.0,16,11,5,16.7,7.4,2.1,0.6,0.7,0.1,0.4,0.427,0.333,0.833
1628960,Grayson Allen,1610612756,PHX,30.0,13,8,5,32.1,18.5,3.1,4.3,1.6,0.3,1.8,0.468,0.447,0.794
1627824,Guerschon Yabusele,1610612752,NYK,29.0,14,9,5,10.5,2.7,2.4,0.4,0.1,0.1,0.2,0.341,0.25,0.5
1630611,Gui Santos,1610612744,GSW,23.0,13,6,7,7.3,2.2,1.7,0.2,0.3,0.1,0.5,0.357,0.273,0.5
203084,Harrison Barnes,1610612759,SAS,33.0,15,11,4,30.1,13.1,3.1,2.1,1.0,0.3,1.3,0.537,0.463,0.929
1631127,Harrison Ingram,1610612759,SAS,22.0,3,2,1,3.6,1.7,1.0,0.0,0.0,0.0,0.0,0.667,1.0,0.0
1630529,Herbert Jones,1610612740,NOP,27.0,16,2,14,30.3,9.5,3.8,2.3,1.4,0.3,1.6,0.39,0.362,0.739
1642864,Hugo González,1610612738,BOS,19.0,12,5,7,11.8,2.8,1.8,0.6,0.8,0.2,0.5,0.438,0.5,0.0
1630621,Hunter Dickinson,1610612740,NOP,24.0,1,0,1,4.7,2.0,0.0,0.0,0.0,1.0,2.0,0.5,0.0,0.0
1642282,Hunter Sallis,1610612755,PHI,22.0,3,2,1,2.2,0.7,0.3,0.3,0.0,0.0,0.7,1.0,0.0,0.0
1641816,Hunter Tyson,1610612743,DEN,25.0,6,5,1,4.1,0.3,1.8,0.3,0.2,0.0,0.0,0.0,0.0,1.0
1630193,Immanuel Quickley,1610612761,TOR,26.0,16,11,5,31.7,15.9,4.6,6.1,1.4,0.1,1.6,0.474,0.388,0.767
1642403,Isaac Jones,1610612765,DET,25.0,4,2,2,4.6,1.3,0.5,0.3,0.0,0.0,0.0,0.5,0.0,0.5
1630171,Isaac Okoro,1610612741,CHI,24.0,15,8,7,24.8,8.2,2.7,1.6,0.4,0.7,1.0,0.459,0.383,0.75
1642268,Isaiah Collier,1610612762,UTA,21.0,7,2,5,23.6,9.9,3.0,6.4,0.3,0.4,3.0,0.59,0.5,0.741
1628392,Isaiah Hartenstein,1610612760,OKC,27.0,17,16,1,28.1,12.4,10.7,3.5,1.4,0.6,2.2,0.7,0.0,0.667
1630543,Isaiah Jackson,1610612754,IND,23.0,16,2,14,18.9,7.9,6.1,1.0,0.8,0.6,1.2,0.563,0.0,0.778
1630198,Isaiah Joe,1610612760,OKC,26.0,12,11,1,25.3,14.2,2.9,1.7,0.8,0.2,0.9,0.443,0.415,0.906
1630587,Isaiah Livers,1610612756,PHX,27.0,10,5,5,10.7,2.7,1.7,0.4,0.2,0.3,0.2,0.421,0.353,0.833
1630191,Isaiah Stewart,1610612765,DET,24.0,13,11,2,23.0,10.8,6.2,1.5,0.2,2.1,1.1,0.505,0.395,0.75
1627826,Ivica Zubac,1610612746,LAC,28.0,16,5,11,31.4,16.0,11.2,2.3,0.5,0.9,1.9,0.614,0.0,0.75
1631120,JD Davison,1610612745,HOU,23.0,5,5,0,4.7,2.2,0.0,0.4,0.2,0.2,0.0,0.5,0.5,0.0
1629630,Ja Morant,1610612763,MEM,26.0,12,4,8,28.8,17.9,3.5,7.6,1.0,0.1,3.8,0.359,0.167,0.942
1642266,Ja'Kobe Walter,1610612761,TOR,21.0,13,10,3,12.3,3.5,1.4,0.7,1.0,0.1,0.8,0.395,0.37,0.857
1631095,Jabari Smith Jr.,1610612745,HOU,22.0,13,9,4,33.1,14.9,6.9,1.8,0.7,0.8,1.1,0.441,0.395,0.786
1631133,Jabari Walker,1610612755,PHI,23.0,15,9,6,12.8,3.3,3.2,0.5,0.1,0.3,0.4,0.435,0.214,0.857
1631210,Jacob Toppin,1610612737,ATL,25.0,4,3,1,2.6,1.5,0.3,0.3,0.0,0.3,0.0,0.75,0.0,0.0
1630702,Jaden Hardy,1610612742,DAL,23.0,15,4,11,11.6,6.2,1.3,0.4,0.3,0.1,0.9,0.387,0.396,0.8
1631093,Jaden Ivey,1610612765,DET,23.0,1,1,0,15.4,10.0,1.0,2.0,1.0,0.0,1.0,0.667,0.333,0.5
1630183,Jaden McDaniels,1610612750,MIN,25.0,15,9,6,31.7,17.2,4.6,2.3,1.2,1.2,1.9,0.544,0.472,0.854
1630256,Jae'Sean Tate,1610612745,HOU,30.0,8,7,1,5.1,1.0,0.8,0.1,0.1,0.0,0.1,0.364,0.0,0.0
1642942,Jahmai Mashack,1610612763,MEM,23.0,1,1,0,6.4,6.0,2.0,0.0,0.0,0.0,0.0,0.5,0.5,0.0
1642443,Jahmir Young,1610612748,MIA,25.0,3,3,0,5.3,2.7,0.3,1.0,0.0,0.0,0.3,0.375,0.667,0.0
1643141,Jahmyl Telfort,1610612746,LAC,24.0,5,1,4,4.8,0.2,0.4,0.2,0.2,0.0,0.2,0.0,0.0,0.25
1631170,Jaime Jaquez Jr.,1610612748,MIA,24.0,16,10,6,30.2,16.4,6.8,5.4,0.8,0.3,2.0,0.512,0.207,0.787
1631222,Jake LaRavia,1610612747,LAL,24.0,15,11,4,28.5,10.6,4.5,2.3,1.5,0.3,1.2,0.487,0.34,0.667
1627751,Jakob Poeltl,1610612761,TOR,30.0,12,9,3,25.5,11.3,7.7,1.8,0.6,0.6,1.2,0.737,0.0,0.561
1628973,Jalen Brunson,1610612752,NYK,29.0,13,8,5,34.2,28.4,3.5,6.8,0.8,0.1,2.5,0.476,0.36,0.859
1631105,Jalen Duren,1610612765,DET,22.0,14,12,2,28.8,20.5,11.5,2.1,1.0,1.0,2.4,0.675,0.0,0.767
1630224,Jalen Green,1610612756,PHX,23.0,2,2,0,14.9,15.5,2.0,2.0,1.0,0.0,1.0,0.478,0.429,0.6
1630552,Jalen Johnson,1610612737,ATL,23.0,15,9,6,33.7,22.0,9.7,6.7,1.7,0.3,3.2,0.568,0.408,0.8
1629618,Jalen Pickett,1610612743,DEN,26.0,7,6,1,7.5,2.6,1.0,1.0,0.0,0.0,0.6,0.467,0.429,1.0
1630188,Jalen Smith,1610612741,CHI,25.0,16,9,7,16.5,10.1,5.9,1.3,0.3,0.8,0.9,0.472,0.371,0.714
1630591,Jalen Suggs,1610612753,ORL,24.0,13,8,5,23.9,14.4,3.8,4.6,1.5,0.5,3.1,0.521,0.373,0.905
1630592,Jalen Wilson,1610612751,BKN,25.0,12,2,10,15.4,5.7,1.0,0.6,0.2,0.0,0.7,0.375,0.41,0.769
1631288,Jamal Cain,1610612753,ORL,26.0,3,3,0,1.8,1.7,0.0,0.3,0.0,0.0,0.3,1.0,1.0,0.0
1627750,Jamal Murray,1610612743,DEN,28.0,15,11,4,35.0,22.8,4.7,6.7,1.2,0.3,2.4,0.473,0.362,0.903
1642347,Jamal Shead,1610612761,TOR,23.0,16,11,5,18.1,5.9,1.7,5.4,0.8,0.1,1.2,0.431,0.439,0.778
1631123,Jamaree Bouyea,1610612756,PHX,26.0,1,1,0,3.4,3.0,0.0,1.0,0.0,1.0,0.0,0.5,1.0,0.0
201935,James Harden,1610612746,LAC,36.0,15,5,10,35.7,28.4,6.0,8.5,1.0,0.5,3.8,0.461,0.408,0.899
1630164,James Wiseman,1610612754,IND,24.0,1,0,1,19.9,4.0,4.0,0.0,0.0,1.0,3.0,0.667,0.0,0.0
1642364,Jamir Watkins,1610612764,WAS,24.0,4,0,4,7.6,2.8,1.5,0.0,0.0,0.3,0.3,0.571,0.333,1.0
1642419,Jamison Battle,1610612761,TOR,24.0,12,9,3,6.7,3.8,1.1,0.2,0.2,0.1,0.4,0.68,0.647,0.0
1641716,Jarace Walker,1610612754,IND,22.0,16,2,14,28.1,9.7,5.1,2.6,0.6,0.4,2.1,0.307,0.282,0.805
1642272,Jared McCain,1610612755,PHI,21.0,6,3,3,10.4,2.2,1.0,0.7,0.2,0.0,0.5,0.208,0.231,0.0
1628991,Jaren Jackson Jr.,1610612763,MEM,26.0,15,4,11,29.0,17.9,5.3,1.5,0.5,1.3,2.1,0.47,0.368,0.803
1629020,Jarred Vanderbilt,1610612747,LAL,26.0,14,10,4,18.3,4.6,5.6,1.5,1.0,0.4,1.6,0.44,0.286,0.842
1628386,Jarrett Allen,1610612739,CLE,27.0,14,9,5,26.0,14.8,7.6,1.9,1.1,0.9,1.6,0.577,0.0,0.766
1642859,Jase Richardson,1610612753,ORL,20.0,9,5,4,4.0,0.7,0.2,0.8,0.0,0.0,0.3,0.286,0.2,0.5
1642914,Javon Small,1610612763,MEM,22.0,8,4,4,12.4,4.3,1.0,2.8,0.0,0.1,1.0,0.357,0.316,0.8
1631451,Javonte Cooke,1610612757,POR,26.0,2,1,1,5.3,2.0,0.5,0.5,0.5,0.0,1.0,0.286,0.0,0.0
1629750,Javonte Green,1610612765,DET,32.0,16,14,2,22.6,8.1,3.6,1.1,1.1,0.4,0.8,0.424,0.32,0.763
1629637,Jaxson Hayes,1610612747,LAL,25.0,12,9,3,16.7,5.3,4.1,1.1,0.4,0.4,0.5,0.711,1.0,0.643
1630643,Jay Huff,1610612754,IND,28.0,16,2,14,15.9,6.3,3.1,0.9,0.1,2.0,0.7,0.383,0.277,0.688
1627759,Jaylen Brown,1610612738,BOS,29.0,16,8,8,32.1,27.4,5.7,4.1,0.9,0.3,3.5,0.503,0.344,0.772
1641740,Jaylen Clark,1610612750,MIN,24.0,14,10,4,16.5,4.9,2.6,0.6,1.0,0.1,0.4,0.444,0.36,0.55
1642377,Jaylen Wells,1610612763,MEM,22.0,17,6,11,25.3,9.6,3.4,1.7,0.6,0.0,0.7,0.37,0.282,0.69
1631119,Jaylin Williams,1610612760,OKC,23.0,16,15,1,18.7,5.4,4.6,2.4,0.7,0.5,1.0,0.345,0.301,0.778
1642281,Jaylon Tyson,1610612739,CLE,22.0,12,8,4,25.9,11.3,4.3,1.9,1.2,0.8,0.9,0.515,0.473,0.769
201145,Jeff Green,1610612745,HOU,39.0,5,5,0,4.2,2.4,0.4,0.0,0.0,0.2,0.0,0.667,0.667,0.0
203924,Jerami Grant,1610612757,POR,31.0,15,7,8,28.6,18.4,3.5,2.4,0.9,0.4,1.8,0.452,0.4,0.84
1642847,Jeremiah Fears,1610612740,NOP,19.0,17,2,15,26.9,15.4,3.2,2.7,1.7,0.2,2.5,0.457,0.351,0.776
1630526,Jeremiah Robinson-Earl,1610612754,IND,25.0,11,2,9,19.6,4.9,5.9,0.7,0.5,0.0,0.6,0.351,0.222,0.909
1631110,Jeremy Sochan,1610612759,SAS,22.0,9,6,3,17.1,6.9,3.3,2.0,0.4,0.3,1.1,0.535,0.389,0.818
1630579,Jericho Sims,1610612749,MIL,27.0,12,4,8,9.3,1.8,2.2,0.6,0.2,0.3,0.5,0.818,0.0,0.75
1641724,Jett Howard,1610612753,ORL,22.0,12,7,5,8.9,3.4,0.6,0.6,0.2,0.3,0.1,0.429,0.423,0.0
1628975,Jevon Carter,1610612741,CHI,30.0,7,3,4,13.7,6.7,1.6,1.1,0.7,0.0,0.6,0.389,0.433,1.0
202710,Jimmy Butler III,1610612744,GSW,36.0,16,9,7,31.4,20.1,5.6,4.8,1.8,0.3,1.6,0.519,0.455,0.868
1642866,Joan Beringer,1610612750,MIN,19.0,9,6,3,4.1,2.0,1.3,0.0,0.1,0.2,0.2,0.727,0.0,0.667
1629111,Jock Landale,1610612763,MEM,30.0,17,6,11,22.3,10.4,5.3,1.6,0.6,0.4,1.1,0.543,0.439,0.667
204060,Joe Ingles,1610612750,MIN,38.0,6,3,3,3.8,0.0,0.0,1.0,0.2,0.0,0.0,0.0,0.0,0.0
203954,Joel Embiid,1610612755,PHI,31.0,6,4,2,23.3,19.7,5.5,3.3,0.8,1.5,2.7,0.46,0.321,0.829
1628381,John Collins,1610612746,LAC,28.0,16,5,11,25.3,11.6,4.9,0.6,0.9,0.5,1.8,0.497,0.317,0.794
1629723,John Konchar,1610612763,MEM,29.0,15,6,9,12.7,2.5,2.9,1.2,0.8,0.3,0.5,0.469,0.316,0.5
1641780,Johni Broome,1610612755,PHI,23.0,2,1,1,2.9,2.0,1.0,0.5,0.0,0.0,0.0,0.4,0.0,0.0
1642277,Johnny Furphy,1610612754,IND,20.0,3,1,2,12.2,2.7,2.0,0.0,0.7,0.0,1.0,0.5,0.667,0.0
1630548,Johnny Juzang,1610612750,MIN,24.0,7,5,2,3.0,1.3,0.4,0.1,0.0,0.0,0.1,0.333,0.286,0.5
202685,Jonas Valančiūnas,1610612743,DEN,33.0,16,12,4,12.4,8.5,4.4,1.0,0.1,0.7,1.0,0.553,0.222,0.769
1628371,Jonathan Isaac,1610612753,ORL,28.0,16,10,6,10.3,3.1,3.3,0.1,0.4,0.4,0.3,0.45,0.227,0.667
1630228,Jonathan Kuminga,1610612744,GSW,23.0,13,7,6,27.7,13.8,6.6,2.8,0.4,0.3,2.7,0.478,0.324,0.771
1642367,Jonathan Mogbo,1610612761,TOR,24.0,7,3,4,5.0,0.9,1.3,0.6,0.1,0.3,0.1,0.5,0.0,0.0
203903,Jordan Clarkson,1610612752,NYK,33.0,15,9,6,19.1,10.7,2.0,1.8,0.3,0.2,1.0,0.483,0.373,0.852
1630692,Jordan Goodwin,1610612756,PHX,27.0,13,9,4,18.0,7.4,3.9,2.1,1.4,0.2,1.2,0.451,0.4,0.75
1641722,Jordan Hawkins,1610612740,NOP,23.0,16,2,14,15.2,4.6,1.9,1.0,0.1,0.0,0.4,0.315,0.261,0.714
1629162,Jordan McLaughlin,1610612759,SAS,29.0,8,6,2,9.2,3.5,0.8,1.3,0.9,0.0,0.3,0.417,0.333,1.0
1641757,Jordan Miller,1610612746,LAC,25.0,3,1,2,16.3,9.3,2.7,1.0,0.3,0.0,1.0,0.5,0.556,0.875
1629673,Jordan Poole,1610612740,NOP,26.0,7,1,6,30.3,17.3,1.7,3.4,0.3,0.3,2.1,0.354,0.339,0.969
1641775,Jordan Walsh,1610612738,BOS,21.0,12,7,5,17.3,4.9,4.3,0.8,0.9,0.5,0.3,0.5,0.421,0.75
1630631,Jose Alvarado,1610612740,NOP,27.0,16,2,14,19.6,7.1,2.6,2.6,0.9,0.0,1.1,0.412,0.371,0.846
1630581,Josh Giddey,1610612741,CHI,23.0,14,9,5,34.0,20.4,10.1,9.7,1.1,0.5,3.5,0.461,0.386,0.753
1628404,Josh Hart,1610612752,NYK,30.0,14,8,6,26.1,9.9,6.6,4.5,0.9,0.2,2.0,0.482,0.348,0.762
1631169,Josh Minott,1610612738,BOS,22.0,15,8,7,19.3,7.1,4.9,1.3,0.9,0.3,0.7,0.475,0.381,0.789
1629006,Josh Okogie,1610612745,HOU,27.0,14,10,4,20.7,7.3,2.1,1.1,1.4,0.1,0.5,0.465,0.429,0.818
201950,Jrue Holiday,1610612757,POR,35.0,12,6,6,33.4,16.7,5.3,8.3,1.6,0.3,2.9,0.446,0.365,0.84
1630577,Julian Champagnie,1610612759,SAS,24.0,15,11,4,27.5,10.4,4.3,1.4,1.0,0.3,1.3,0.434,0.391,0.774
1641763,Julian Phillips,1610612741,CHI,22.0,15,8,7,7.8,2.0,1.2,0.2,0.4,0.3,0.1,0.375,0.235,1.0
1631124,Julian Strawther,1610612743,DEN,23.0,9,9,0,7.9,3.7,1.6,0.4,0.0,0.1,0.3,0.367,0.125,0.692
203944,Julius Randle,1610612750,MIN,30.0,16,10,6,33.2,24.7,7.3,5.8,1.2,0.2,2.6,0.521,0.363,0.821
1630551,Justin Champagnie,1610612764,WAS,24.0,14,0,14,10.2,2.9,3.0,0.7,0.6,0.1,0.2,0.353,0.154,0.833
1642348,Justin Edwards,1610612755,PHI,21.0,13,9,4,16.0,6.3,2.0,1.4,0.4,0.2,0.6,0.42,0.362,1.0
203994,Jusuf Nurkić,1610612762,UTA,31.0,15,5,10,24.3,7.3,9.6,3.7,1.7,0.4,2.8,0.387,0.154,0.622
1642354,KJ Simpson,1610612766,CHA,23.0,7,2,5,13.3,4.9,2.0,2.6,0.6,0.0,1.4,0.333,0.333,0.75
1626157,Karl-Anthony Towns,1610612752,NYK,30.0,15,9,6,33.5,21.7,12.5,3.4,0.9,0.8,2.7,0.429,0.318,0.877
1631255,Karlo Matković,1610612740,NOP,24.0,12,2,10,11.4,4.9,2.8,0.8,0.2,0.5,0.4,0.703,0.444,0.375
202695,Kawhi Leonard,1610612746,LAC,34.0,6,3,3,33.5,24.3,5.7,3.5,2.5,0.7,1.8,0.505,0.4,0.963
1630811,Keaton Wallace,1610612737,ATL,26.0,15,9,6,15.6,4.9,1.7,2.9,0.8,0.1,0.9,0.429,0.436,0.375
1631099,Keegan Murray,1610612758,SAC,25.0,2,1,1,34.7,15.0,4.0,1.0,1.0,0.5,0.5,0.444,0.286,1.0
1642276,Kel'el Ware,1610612748,MIA,21.0,16,10,6,24.3,11.5,10.3,0.7,1.0,1.4,0.9,0.525,0.35,0.774
1629640,Keldon Johnson,1610612759,SAS,26.0,15,11,4,24.2,12.5,6.3,1.7,0.9,0.1,0.9,0.573,0.289,0.813
203482,Kelly Olynyk,1610612759,SAS,34.0,6,5,1,11.4,4.8,3.0,2.7,0.5,0.0,0.8,0.556,0.429,0.75
1626162,Kelly Oubre Jr.,1610612755,PHI,29.0,12,7,5,34.8,16.8,5.1,1.3,1.1,0.8,1.5,0.497,0.343,0.789
203484,Kentavious Caldwell-Pope,1610612763,MEM,32.0,17,6,11,22.9,7.5,2.5,3.2,0.8,0.2,0.9,0.355,0.276,0.893
1631165,Keon Ellis,1610612758,SAC,25.0,16,3,13,18.1,6.6,1.6,0.6,1.3,0.3,0.4,0.44,0.424,0.7
1642352,Keshad Johnson,1610612748,MIA,24.0,6,4,2,9.0,3.5,3.2,0.2,0.5,0.5,0.3,0.25,0.25,1.0
201142,Kevin Durant,1610612745,HOU,37.0,14,10,4,36.1,24.6,4.8,3.3,1.0,0.6,3.0,0.485,0.364,0.88
1628989,Kevin Huerter,1610612741,CHI,27.0,16,9,7,24.7,12.6,3.6,2.6,0.9,0.9,1.4,0.484,0.303,0.839
201567,Kevin Love,1610612762,UTA,37.0,9,2,7,14.0,5.1,3.9,2.0,0.0,0.4,0.9,0.394,0.357,0.833
1629645,Kevin Porter Jr.,1610612749,MIL,25.0,1,1,0,9.4,10.0,0.0,2.0,1.0,0.0,0.0,0.6,0.667,1.0
1626172,Kevon Looney,1610612740,NOP,29.0,9,2,7,13.1,2.4,4.0,1.4,0.2,0.6,0.6,0.346,0.143,0.5
1641718,Keyonte George,1610612762,UTA,22.0,15,5,10,34.2,22.8,3.9,7.1,1.0,0.3,3.4,0.434,0.296,0.935
1642863,Khaman Maluach,1610612756,PHX,19.0,7,5,2,5.0,1.9,0.9,0.1,0.0,0.6,0.7,0.429,0.0,0.875
203114,Khris Middleton,1610612764,WAS,34.0,12,1,11,24.9,9.5,3.9,2.5,0.8,0.3,1.6,0.469,0.313,0.737
202691,Klay Thompson,1610612742,DAL,35.0,17,4,13,21.7,10.1,2.4,1.6,0.3,0.4,1.0,0.347,0.321,1.0
1641738,Kobe Brown,1610612746,LAC,25.0,9,2,7,9.2,2.7,2.0,0.9,0.0,0.0,0.6,0.4,0.308,1.0
1642920,Kobe Sanders,1610612746,LAC,23.0,8,3,5,19.5,7.4,1.6,1.3,0.6,0.3,1.4,0.388,0.345,0.917
1642886,Koby Brea,1610612756,PHX,23.0,1,1,0,4.1,4.0,0.0,1.0,0.0,0.0,0.0,0.5,0.0,1.0
1642851,Kon Knueppel,1610612766,CHA,20.0,16,4,12,33.5,18.8,5.8,2.9,0.8,0.2,2.4,0.488,0.421,0.892
1627739,Kris Dunn,1610612746,LAC,31.0,16,5,11,25.7,6.9,2.5,2.7,1.4,0.3,1.3,0.478,0.353,0.722
1631200,Kris Murray,1610612757,POR,25.0,15,6,9,23.3,5.4,3.4,1.1,1.1,0.2,0.8,0.446,0.269,0.667
204001,Kristaps Porziņģis,1610612737,ATL,30.0,11,6,5,26.8,18.4,5.7,3.5,0.5,1.7,1.0,0.475,0.333,0.862
203937,Kyle Anderson,1610612762,UTA,32.0,4,0,4,17.2,6.5,2.5,3.5,0.8,0.0,0.8,0.455,0.0,0.667
1642271,Kyle Filipowski,1610612762,UTA,22.0,14,5,9,20.3,8.5,5.7,2.3,0.4,0.6,1.4,0.438,0.333,0.667
1628398,Kyle Kuzma,1610612749,MIL,30.0,16,8,8,26.0,13.5,4.3,1.9,0.8,0.6,1.3,0.491,0.275,0.784
200768,Kyle Lowry,1610612755,PHI,39.0,1,1,0,3.2,3.0,0.0,1.0,1.0,0.0,0.0,1.0,1.0,0.0
1642273,Kyshawn George,1610612764,WAS,21.0,15,1,14,31.6,16.5,6.3,4.9,1.1,0.9,3.5,0.484,0.44,0.733
1630163,LaMelo Ball,1610612766,CHA,24.0,10,2,8,30.7,21.2,6.6,9.3,1.3,0.1,3.6,0.393,0.286,0.875
1629013,Landry Shamet,1610612752,NYK,28.0,15,9,6,20.9,9.3,2.0,1.2,0.4,0.2,0.5,0.452,0.424,0.794
1626204,Larry Nance Jr.,1610612739,CLE,32.0,13,9,4,15.4,3.7,3.1,1.3,0.5,0.3,0.7,0.351,0.259,0.333
1628374,Lauri Markkanen,1610612762,UTA,28.0,15,5,10,35.8,29.9,6.1,2.1,1.1,0.5,1.3,0.485,0.388,0.895
2544,LeBron James,1610612747,LAL,40.0,1,1,0,29.6,11.0,3.0,12.0,1.0,0.0,1.0,0.571,0.667,0.25
1631159,Leonard Miller,1610612750,MIN,21.0,8,5,3,4.6,1.9,1.4,0.5,0.3,0.0,0.5,0.5,0.0,0.6
1642862,Liam McNeeley,1610612766,CHA,20.0,10,3,7,13.0,4.0,2.3,1.2,0.2,0.1,0.6,0.303,0.35,0.867
1630322,Lindy Waters III,1610612759,SAS,28.0,6,4,2,7.6,2.5,1.2,0.5,0.0,0.0,0.0,0.417,0.417,0.0
1628366,Lonzo Ball,1610612739,CLE,28.0,14,9,5,23.3,5.9,4.1,5.1,1.0,0.3,2.0,0.325,0.304,0.667
1629652,Luguentz Dort,1610612760,OKC,26.0,11,11,0,29.7,8.5,4.1,1.3,0.8,0.3,0.7,0.383,0.339,0.923
1629029,Luka Dončić,1610612747,LAL,26.0,11,8,3,36.8,34.6,8.5,9.0,1.9,0.5,4.1,0.472,0.317,0.79
1630568,Luka Garza,1610612738,BOS,26.0,15,8,7,14.8,7.1,4.2,0.8,0.3,0.4,0.5,0.567,0.435,0.75
1628379,Luke Kennard,1610612737,ATL,29.0,15,9,6,22.1,8.1,2.0,2.1,1.0,0.1,1.1,0.483,0.442,0.933
1628436,Luke Kornet,1610612759,SAS,30.0,8,6,2,23.2,8.3,5.8,2.0,0.1,0.9,0.6,0.75,0.0,0.667
1631247,Luke Travers,1610612739,CLE,24.0,6,3,3,7.8,1.7,1.8,0.7,0.5,0.7,0.2,0.125,0.0,1.0
1630644,Mac McClung,1610612754,IND,26.0,3,0,3,11.3,6.3,1.3,0.3,1.7,0.3,0.7,0.389,0.2,0.75
1631103,Malaki Branham,1610612764,WAS,22.0,6,0,6,6.5,4.7,1.5,0.5,0.0,0.0,0.3,0.571,0.286,0.833
1628370,Malik Monk,1610612758,SAC,27.0,14,3,11,23.9,12.4,1.7,2.1,0.9,0.4,0.9,0.447,0.433,0.88
203935,Marcus Smart,1610612747,LAL,31.0,12,9,3,28.2,9.8,2.4,3.2,2.0,0.2,2.2,0.402,0.232,0.938
1641813,Mark Sears,1610612749,MIL,23.0,6,1,5,3.8,3.2,0.3,0.3,0.0,0.0,0.7,0.5,0.5,0.75
1631109,Mark Williams,1610612756,PHX,23.0,14,9,5,25.2,12.2,8.2,0.9,1.3,0.9,0.9,0.632,0.0,0.787
1628963,Marvin Bagley III,1610612764,WAS,26.0,14,1,13,15.8,7.6,4.4,1.4,0.6,0.6,1.0,0.638,0.5,0.696
203486,Mason Plumlee,1610612766,CHA,35.0,7,3,4,6.1,0.9,1.6,0.4,0.1,0.0,0.4,1.0,0.0,0.5
1641824,Matas Buzelis,1610612741,CHI,21.0,16,9,7,27.8,14.1,5.6,1.4,0.7,1.4,1.9,0.463,0.366,0.86
1629680,Matisse Thybulle,1610612757,POR,28.0,4,2,2,12.2,5.0,1.0,0.8,2.5,0.0,0.3,0.6,0.667,1.0
1631108,Max Christie,1610612742,DAL,22.0,18,5,13,29.9,12.7,3.5,2.2,0.6,0.5,1.2,0.488,0.47,0.781
1628467,Maxi Kleber,1610612747,LAL,33.0,4,2,2,12.6,1.8,1.8,1.0,0.3,0.5,0.0,0.5,0.667,0.5
1642875,Maxime Raynaud,1610612758,SAC,22.0,9,3,6,13.5,5.7,3.6,0.7,0.3,0.3,0.7,0.512,0.2,0.889
1642877,Micah Peavy,1610612740,NOP,24.0,13,1,12,13.5,3.6,2.3,0.9,0.2,0.2,0.3,0.377,0.158,0.8
1629008,Michael Porter Jr.,1610612751,BKN,27.0,14,3,11,32.9,24.8,7.7,3.1,0.8,0.1,2.2,0.486,0.375,0.844
1628969,Mikal Bridges,1610612752,NYK,29.0,15,9,6,35.3,16.3,4.6,4.7,2.1,1.2,1.1,0.511,0.419,0.759
201144,Mike Conley,1610612750,MIN,38.0,16,10,6,20.2,6.2,1.9,3.5,0.8,0.2,0.9,0.406,0.447,0.917
1628970,Miles Bridges,1610612766,CHA,27.0,16,4,12,34.9,22.1,6.6,3.7,0.7,0.6,1.4,0.422,0.358,0.897
1642939,Miles Kelly,1610612742,DAL,22.0,2,1,1,5.6,1.0,2.0,0.0,0.0,0.0,0.5,0.5,0.0,0.0
1630540,Miles McBride,1610612752,NYK,25.0,12,9,3,24.1,10.1,2.5,2.4,0.8,0.3,0.8,0.396,0.375,0.6
1629011,Mitchell Robinson,1610612752,NYK,27.0,9,5,4,17.1,4.0,8.2,0.9,0.4,1.1,0.8,0.654,0.0,0.222
1642885,Mohamed Diawara,1610612752,NYK,20.0,9,5,4,3.2,0.8,0.7,0.3,0.2,0.1,0.4,0.375,0.25,0.0
1628420,Monte Morris,1610612754,IND,30.0,6,0,6,10.8,3.0,1.2,1.5,0.2,0.2,0.3,0.35,0.25,0.5
1630541,Moses Moody,1610612744,GSW,23.0,16,7,9,25.5,12.3,3.0,1.6,0.9,0.8,1.4,0.424,0.426,0.838
1631243,Mouhamed Gueye,1610612737,ATL,23.0,17,10,7,16.7,5.9,4.1,1.2,0.5,0.6,0.8,0.488,0.286,0.5
1630619,Moussa Cisse,1610612742,DAL,23.0,14,3,11,10.9,3.5,3.8,0.2,0.3,1.3,0.9,0.645,0.0,0.36
1631217,Moussa Diabaté,1610612766,CHA,23.0,16,4,12,23.0,9.9,8.1,1.2,0.6,1.3,0.8,0.637,0.0,0.689
1626167,Myles Turner,1610612749,MIL,29.0,17,8,9,29.9,12.4,6.4,1.8,1.2,1.6,1.3,0.439,0.418,0.694
1642066,Myron Gardner,1610612748,MIA,24.0,2,2,0,3.8,3.0,1.0,0.5,0.0,0.0,0.0,1.0,1.0,0.0
1642368,N'Faly Dante,1610612737,ATL,24.0,4,3,1,3.9,0.8,1.8,0.0,0.5,0.0,0.3,0.25,0.0,1.0
1641772,Nae'Qwan Tomlin,1610612739,CLE,24.0,8,6,2,13.4,6.1,2.8,0.5,0.8,0.6,0.3,0.463,0.0,0.786
1630230,Naji Marshall,1610612742,DAL,27.0,18,5,13,26.7,11.8,4.9,2.4,1.1,0.1,1.2,0.475,0.302,0.797
1629675,Naz Reid,1610612750,MIN,26.0,16,10,6,24.5,13.1,5.8,2.0,1.1,0.9,1.4,0.463,0.375,0.667
1629674,Neemias Queta,1610612738,BOS,26.0,16,8,8,24.8,9.5,8.3,1.8,0.7,1.4,0.8,0.618,0.0,0.593
1629651,Nic Claxton,1610612751,BKN,26.0,15,3,12,29.8,14.8,7.5,4.4,0.8,1.3,1.5,0.572,0.0,0.691
1630208,Nick Richards,1610612756,PHX,27.0,16,10,6,10.2,4.3,3.4,0.3,0.1,0.5,1.0,0.543,0.0,0.72
1641733,Nick Smith Jr.,1610612747,LAL,21.0,6,4,2,15.0,7.0,1.0,2.2,0.5,0.2,1.7,0.432,0.444,0.667
1629638,Nickeil Alexander-Walker,1610612737,ATL,27.0,15,8,7,31.4,19.1,3.1,3.6,0.9,0.9,2.3,0.464,0.354,0.853
201587,Nicolas Batum,1610612746,LAC,36.0,16,5,11,17.4,4.4,2.9,0.7,0.9,0.5,0.6,0.371,0.368,1.0
1628502,Nigel Hayes-Davis,1610612756,PHX,30.0,12,7,5,8.1,1.6,1.3,0.4,0.4,0.0,0.4,0.375,0.111,0.0
203999,Nikola Jokić,1610612743,DEN,30.0,16,12,4,34.9,30.4,13.0,10.8,1.6,0.8,3.5,0.628,0.418,0.856
1631107,Nikola Jović,1610612748,MIA,22.0,14,8,6,21.3,8.8,4.4,3.1,0.6,0.4,1.8,0.402,0.294,0.743
202696,Nikola Vučević,1610612741,CHI,35.0,16,9,7,30.6,16.7,9.6,3.4,0.6,0.4,1.7,0.495,0.407,0.786
1642363,Nique Clifford,1610612758,SAC,23.0,13,3,10,17.6,4.4,2.6,2.0,0.5,0.3,0.7,0.357,0.308,0.643
1642855,Noa Essengue,1610612741,CHI,18.0,1,1,0,3.9,0.0,0.0,0.0,0.0,0.0,0.0,0.0,0.0,0.0
1641730,Noah Clowney,1610612751,BKN,21.0,15,3,12,25.7,10.3,3.7,1.5,0.7,0.6,1.4,0.372,0.315,0.74
1642869,Noah Penda,1610612753,ORL,20.0,8,4,4,6.1,2.1,1.8,0.8,0.1,0.3,0.4,0.5,0.667,0.75
1642849,Nolan Traore,1610612751,BKN,19.0,4,0,4,8.8,1.8,0.3,1.3,0.5,0.0,0.5,0.222,0.333,0.5
1626181,Norman Powell,1610612748,MIA,32.0,13,9,4,30.6,24.9,3.8,2.5,1.2,0.2,1.9,0.491,0.456,0.904
1628384,OG Anunoby,1610612752,NYK,28.0,12,8,4,31.1,15.8,5.6,2.2,1.9,0.7,1.8,0.476,0.392,0.76
1630167,Obi Toppin,1610612754,IND,27.0,3,0,3,27.4,14.0,6.7,1.7,1.0,0.0,2.0,0.417,0.176,1.0
1630534,Ochai Agbaji,1610612761,TOR,25.0,10,5,5,14.1,2.8,2.0,0.6,0.5,0.1,0.3,0.357,0.077,0.7
1641765,Olivier-Maxence Prosper,1610612763,MEM,23.0,11,5,6,10.1,4.5,2.4,0.5,0.2,0.1,0.5,0.452,0.111,0.909
1630168,Onyeka Okongwu,1610612737,ATL,24.0,16,9,7,29.3,16.0,7.4,2.7,0.9,1.1,1.8,0.526,0.419,0.774
1631115,Orlando Robinson,1610612753,ORL,25.0,1,1,0,1.9,0.0,0.0,0.0,0.0,0.0,0.0,0.0,0.0,0.0
1642345,Oso Ighodaro,1610612756,PHX,23.0,16,10,6,15.6,4.7,3.4,1.3,0.6,0.6,1.3,0.559,0.0,0.563
1631172,Ousmane Dieng,1610612760,OKC,22.0,13,12,1,10.7,2.6,1.7,0.8,0.1,0.4,0.5,0.342,0.222,1.0
1629023,P.J. Washington,1610612742,DAL,27.0,17,5,12,31.3,15.0,7.8,2.4,1.0,1.2,2.6,0.432,0.325,0.657
1641790,PJ Hall,1610612763,MEM,23.0,7,2,5,3.8,1.9,1.3,0.3,0.0,0.3,0.1,0.556,0.333,0.667
1642359,Pacôme Dadiet,1610612752,NYK,20.0,6,4,2,2.8,0.7,0.5,0.3,0.0,0.0,0.0,0.2,0.0,1.0
1631094,Paolo Banchero,1610612753,ORL,23.0,12,6,6,32.8,21.7,8.7,4.1,0.8,0.9,2.7,0.461,0.25,0.766
1627783,Pascal Siakam,1610612754,IND,31.0,15,2,13,35.1,24.8,7.0,4.9,1.1,0.4,2.5,0.466,0.361,0.69
1626192,Pat Connaughton,1610612766,CHA,32.0,12,3,9,9.7,4.3,1.9,0.6,0.4,0.1,0.3,0.486,0.375,0.667
1630311,Pat Spencer,1610612744,GSW,29.0,10,5,5,13.2,5.5,2.1,2.9,0.8,0.1,0.7,0.358,0.353,0.917
1630172,Patrick Williams,1610612741,CHI,24.0,15,8,7,21.0,7.8,2.9,1.5,1.1,0.4,1.1,0.426,0.4,0.652
202331,Paul George,1610612755,PHI,35.0,2,2,0,22.9,15.0,6.0,3.0,1.0,1.0,2.0,0.429,0.455,0.636
1630194,Paul Reed,1610612765,DET,26.0,14,12,2,12.0,6.5,4.1,1.1,1.0,0.8,1.0,0.684,0.5,0.643
1630202,Payton Pritchard,1610612738,BOS,27.0,16,8,8,32.3,16.5,4.3,4.9,0.7,0.0,1.4,0.437,0.331,0.825
1641796,Pelle Larsson,1610612748,MIA,24.0,16,10,6,22.5,10.5,2.7,3.1,0.6,0.1,1.2,0.523,0.392,0.829
1631250,Pete Nance,1610612749,MIL,25.0,2,0,2,3.3,6.5,1.0,0.0,0.0,0.0,0.0,0.833,0.75,0.0
1631212,Peyton Watson,1610612743,DEN,23.0,16,12,4,25.2,8.7,4.8,1.5,1.1,1.1,1.4,0.51,0.394,0.733
1630173,Precious Achiuwa,1610612758,SAC,26.0,10,2,8,19.1,6.5,4.7,1.0,0.7,0.3,0.5,0.54,0.091,0.556
1629656,Quentin Grimes,1610612755,PHI,25.0,15,9,6,31.8,16.9,3.7,4.1,0.9,0.5,2.7,0.465,0.402,0.831
1631245,Quenton Jackson,1610612754,IND,27.0,5,1,4,20.1,11.8,3.4,3.6,1.0,0.2,1.2,0.541,0.5,0.722
1642366,Quinten Post,1610612744,GSW,25.0,18,9,9,15.0,6.2,3.9,0.9,0.6,0.5,0.8,0.451,0.344,0.778
1629628,RJ Barrett,1610612761,TOR,25.0,16,11,5,31.6,19.6,5.0,3.9,0.8,0.3,1.5,0.507,0.345,0.703
1642853,Rasheer Fleming,1610612756,PHX,21.0,8,6,2,5.7,2.0,1.5,0.3,0.1,0.1,0.4,0.263,0.182,1.0
1642484,RayJ Dennis,1610612754,IND,24.0,12,1,11,13.5,5.3,1.6,2.1,0.3,0.3,1.2,0.314,0.324,0.889
1641712,Rayan Rupert,1610612757,POR,21.0,9,6,3,6.1,1.0,1.3,0.2,0.4,0.0,0.2,0.273,0.143,0.5
1642263,Reed Sheppard,1610612745,HOU,21.0,14,10,4,23.9,13.6,2.4,3.1,1.6,0.4,1.1,0.507,0.488,0.667
1642434,Riley Minix,1610612759,SAS,25.0,3,2,1,2.8,3.0,0.7,0.3,0.3,0.0,0.0,0.667,0.333,0.0
1642265,Rob Dillingham,1610612750,MIN,20.0,14,8,6,11.0,4.7,1.3,1.9,0.9,0.0,1.3,0.386,0.25,0.727
1629057,Robert Williams III,1610612757,POR,28.0,10,4,6,12.8,4.5,4.4,0.8,0.6,0.8,0.4,0.647,0.25,0.0
1631199,Ron Harper Jr.,1610612738,BOS,25.0,3,2,1,5.2,2.7,1.0,1.0,0.0,0.3,0.0,0.429,0.333,0.0
1641842,Ronald Holland II,1610612765,DET,20.0,16,14,2,23.4,8.3,3.8,1.8,1.7,0.3,1.8,0.391,0.275,0.792
1626220,Royce O'Neale,1610612756,PHX,32.0,16,10,6,29.7,11.6,5.3,2.9,1.2,0.1,1.5,0.444,0.429,0.7
203497,Rudy Gobert,1610612750,MIN,33.0,16,10,6,31.8,10.7,10.1,1.8,0.5,1.7,1.9,0.737,0.0,0.49
1629060,Rui Hachimura,1610612747,LAL,27.0,14,10,4,33.9,15.1,3.8,1.2,0.6,0.2,1.1,0.566,0.481,0.733
201566,Russell Westbrook,1610612758,SAC,37.0,17,4,13,28.2,14.1,6.9,6.5,1.1,0.2,3.1,0.444,0.389,0.633
1642346,Ryan Dunn,1610612756,PHX,22.0,16,10,6,24.1,8.4,4.8,1.9,1.4,0.7,1.0,0.478,0.34,0.667
1641750,Ryan Kalkbrenner,1610612766,CHA,23.0,15,4,11,25.4,9.4,6.9,0.4,0.8,1.9,1.5,0.803,0.0,0.792
1642948,Ryan Nembhard,1610612742,DAL,22.0,5,2,3,9.0,3.2,0.2,1.8,0.0,0.0,1.2,0.467,0.0,0.667
1631157,Ryan Rollins,1610612749,MIL,23.0,17,8,9,31.7,18.6,3.9,5.9,1.6,0.3,2.5,0.504,0.438,0.795
1630180,Saddiq Bey,1610612740,NOP,26.0,16,2,14,26.4,11.6,4.9,2.1,0.8,0.0,0.7,0.414,0.354,0.703
1630573,Sam Hauser,1610612738,BOS,27.0,16,8,8,21.1,6.2,3.5,1.4,0.6,0.3,0.7,0.311,0.323,0.75
1630241,Sam Merrill,1610612739,CLE,29.0,12,9,3,25.9,13.9,2.1,2.3,0.5,0.3,0.8,0.466,0.444,0.938
1630572,Sandro Mamukelashvili,1610612761,TOR,26.0,15,10,5,17.9,10.1,3.7,1.9,0.5,0.4,0.9,0.563,0.444,0.8
1630583,Santi Aldama,1610612763,MEM,24.0,17,6,11,26.3,13.9,6.8,2.6,1.0,0.7,1.2,0.479,0.329,0.605
1630567,Scottie Barnes,1610612761,TOR,24.0,16,11,5,32.6,19.4,7.6,5.1,1.5,1.6,2.1,0.51,0.414,0.813
1631101,Shaedon Sharpe,1610612757,POR,22.0,14,6,8,28.6,22.6,5.0,2.1,1.4,0.2,2.8,0.439,0.258,0.803
1628983,Shai Gilgeous-Alexander,1610612760,OKC,27.0,17,16,1,33.2,31.9,4.9,6.6,1.5,0.9,1.8,0.534,0.404,0.892
1630536,Sharife Cooper,1610612764,WAS,24.0,2,0,2,2.0,0.0,0.0,0.0,0.0,0.0,0.5,0.0,0.0,0.0
1631321,Sidy Cissoko,1610612757,POR,21.0,11,4,7,14.7,4.3,2.1,1.2,0.6,0.0,0.8,0.436,0.316,0.583
1631323,Simone Fontecchio,1610612748,MIA,29.0,16,10,6,19.4,11.3,2.7,1.3,0.6,0.2,1.1,0.45,0.435,0.828
1642883,Sion James,1610612766,CHA,22.0,16,4,12,26.2,6.9,3.0,1.6,0.8,0.3,1.0,0.439,0.438,0.81
1642461,Spencer Jones,1610612743,DEN,24.0,12,9,3,11.1,1.6,0.8,0.5,0.6,0.1,0.6,0.5,0.429,0.667
201939,Stephen Curry,1610612744,GSW,37.0,14,8,6,31.1,28.6,3.5,4.1,1.4,0.4,2.9,0.476,0.404,0.914
1642264,Stephon Castle,1610612759,SAS,21.0,13,9,4,32.0,17.3,5.8,7.5,1.7,0.4,4.0,0.497,0.24,0.694
203500,Steven Adams,1610612745,HOU,32.0,13,9,4,22.3,6.0,9.4,1.6,0.6,0.7,1.2,0.509,0.0,0.714
1629004,Svi Mykhailiuk,1610612762,UTA,28.0,15,5,10,26.6,9.6,2.5,1.9,0.5,0.2,0.9,0.478,0.383,0.833
204456,T.J. McConnell,1610612754,IND,33.0,6,1,5,15.0,8.3,2.2,3.5,0.7,0.0,0.7,0.468,0.5,1.0
1643007,Taelon Peter,1610612754,IND,23.0,11,1,10,8.3,1.8,1.4,1.3,0.2,0.2,0.7,0.25,0.227,1.0
1631106,Tari Eason,1610612745,HOU,24.0,11,8,3,23.2,11.5,5.2,1.6,0.8,0.5,1.7,0.495,0.509,0.714
1627752,Taurean Prince,1610612749,MIL,31.0,8,5,3,21.1,6.1,1.6,1.0,0.8,0.3,0.6,0.447,0.429,1.0
1641707,Taylor Hendricks,1610612762,UTA,22.0,10,3,7,15.6,4.1,4.1,0.6,0.5,0.3,0.6,0.349,0.211,0.7
1629611,Terance Mann,1610612751,BKN,29.0,15,3,12,27.5,9.2,3.3,3.6,0.7,0.2,0.9,0.459,0.37,0.826
1630545,Terrence Shannon Jr.,1610612750,MIN,25.0,7,4,3,16.5,3.9,2.4,1.1,0.6,0.0,0.9,0.321,0.364,0.714
203648,Thanasis Antetokounmpo,1610612749,MIL,33.0,5,2,3,2.3,0.8,0.2,0.0,0.2,0.6,0.0,0.5,0.0,1.0
1628418,Thomas Bryant,1610612739,CLE,28.0,11,7,4,6.0,1.8,1.5,0.1,0.3,0.3,0.1,0.4,0.0,0.0
1642275,Tidjane Salaün,1610612766,CHA,20.0,7,3,4,11.9,3.1,3.6,0.7,0.3,0.1,0.4,0.368,0.333,0.667
203501,Tim Hardaway Jr.,1610612743,DEN,33.0,16,12,4,23.6,10.9,1.9,1.4,0.5,0.1,0.3,0.444,0.425,0.909
202699,Tobias Harris,1610612765,DET,33.0,7,5,2,30.9,14.1,5.9,3.0,0.7,0.3,1.1,0.438,0.333,0.857
1642449,Tolu Smith,1610612765,DET,25.0,2,1,1,11.1,8.5,5.5,1.0,0.5,0.5,0.5,0.75,0.0,0.714
1628396,Tony Bradley,1610612754,IND,27.0,16,2,14,13.3,5.2,3.0,0.8,0.1,0.2,0.4,0.576,0.0,0.714
1641739,Toumani Camara,1610612757,POR,25.0,16,7,9,34.6,12.5,5.1,2.8,1.1,0.5,2.2,0.411,0.321,0.739
1629027,Trae Young,1610612737,ATL,27.0,5,2,3,27.8,17.8,2.0,7.8,0.8,0.2,2.0,0.371,0.192,0.821
1631218,Trayce Jackson-Davis,1610612744,GSW,25.0,11,5,6,11.6,4.4,3.0,1.0,0.3,0.5,0.7,0.563,0.0,0.667
1642848,Tre Johnson,1610612764,WAS,19.0,15,1,14,24.2,11.5,3.0,1.3,0.4,0.5,1.6,0.445,0.395,0.813
1630200,Tre Jones,1610612741,CHI,25.0,13,7,6,28.7,12.5,3.8,4.8,1.8,0.2,1.8,0.481,0.3,0.867
1630544,Tre Mann,1610612766,CHA,24.0,14,4,10,22.0,10.1,3.1,3.1,0.8,0.1,1.9,0.365,0.306,0.923
1630570,Trendon Watford,1610612755,PHI,25.0,12,6,6,20.7,8.2,4.6,3.5,0.4,0.2,1.5,0.514,0.375,0.762
1641998,Trey Jemison III,1610612752,NYK,25.0,1,1,0,7.7,0.0,2.0,0.0,0.0,0.0,0.0,0.0,0.0,0.0
1630530,Trey Murphy III,1610612740,NOP,25.0,17,2,15,35.3,20.2,6.4,3.0,1.7,0.2,2.2,0.464,0.37,0.94
1641774,Tristan Vukcevic,1610612764,WAS,22.0,13,1,12,8.9,4.0,1.9,0.6,0.3,0.5,0.9,0.404,0.273,0.667
1641783,Tristan da Silva,1610612753,ORL,24.0,17,10,7,24.2,11.7,4.1,1.2,0.8,0.2,0.9,0.465,0.4,0.792
1642278,Tyler Kolek,1610612752,NYK,24.0,11,6,5,7.6,2.8,0.5,1.3,0.3,0.0,0.5,0.444,0.267,0.5
1631213,Tyrese Martin,1610612751,BKN,26.0,15,3,12,20.8,7.5,2.9,2.5,0.6,0.2,1.0,0.394,0.302,0.615
1630178,Tyrese Maxey,1610612755,PHI,25.0,15,9,6,40.7,33.4,4.7,7.9,1.6,0.9,2.8,0.473,0.421,0.878
1642878,Tyrese Proctor,1610612739,CLE,21.0,14,9,5,11.0,4.4,1.0,1.2,0.3,0.0,0.4,0.328,0.293,0.889
1630623,Tyson Etienne,1610612751,BKN,26.0,5,1,4,5.1,1.2,0.0,0.0,0.0,0.0,0.0,0.182,0.2,0.0
1626145,Tyus Jones,1610612753,ORL,29.0,17,10,7,12.6,1.6,0.9,1.5,0.6,0.1,0.4,0.3,0.182,0.0
1642845,VJ Edgecombe,1610612755,PHI,20.0,15,9,6,37.4,15.6,6.0,4.2,1.3,0.5,1.9,0.407,0.366,0.737
1641705,Victor Wembanyama,1610612759,SAS,21.0,12,8,4,34.7,26.2,12.9,4.0,1.1,3.6,3.6,0.502,0.345,0.857
1631246,Vince Williams Jr.,1610612763,MEM,25.0,12,3,9,20.9,8.3,5.2,4.5,0.9,0.2,2.1,0.379,0.3,0.864
1630249,Vít Krejčí,1610612737,ATL,25.0,13,8,5,23.4,11.2,2.2,1.6,0.5,0.2,0.7,0.543,0.5,0.7
1631117,Walker Kessler,1610612762,UTA,24.0,5,2,3,30.8,14.4,10.8,3.0,1.4,1.8,3.2,0.703,0.75,0.7
1642383,Walter Clayton Jr.,1610612762,UTA,22.0,12,4,8,15.8,5.8,2.2,3.2,0.5,0.3,1.5,0.411,0.333,1.0
1628976,Wendell Carter Jr.,1610612753,ORL,26.0,17,10,7,29.9,12.3,7.4,2.0,0.6,0.8,1.9,0.53,0.458,0.797
1631111,Wendell Moore Jr.,1610612765,DET,24.0,3,3,0,14.4,2.0,1.3,1.0,0.7,0.3,0.3,0.5,0.0,0.0
1642954,Will Richard,1610612744,GSW,22.0,16,8,8,17.5,8.1,2.3,1.3,0.9,0.1,0.8,0.554,0.396,0.76
1642860,Will Riley,1610612764,WAS,19.0,11,1,10,6.9,2.2,1.4,0.9,0.3,0.0,0.3,0.435,0.2,0.5
1630214,Xavier Tillman,1610612738,BOS,26.0,8,4,4,8.2,2.5,2.1,0.6,0.4,0.1,0.1,0.5,0.25,0.0
1642905,Yang Hansen,1610612757,POR,20.0,7,3,4,7.2,2.9,1.6,0.6,0.0,0.4,1.0,0.35,0.0,0.857
1642949,Yanic Konan Niederhäuser,1610612746,LAC,22.0,7,2,5,5.2,3.6,1.3,0.4,0.0,0.3,0.3,0.769,0.0,0.625
1642274,Yves Missi,1610612740,NOP,21.0,12,0,12,18.6,5.5,4.7,1.3,0.3,1.0,0.9,0.563,0.0,0.545
1642258,Zaccharie Risacher,1610612737,ATL,20.0,14,9,5,24.3,11.8,2.6,1.6,1.1,0.6,0.8,0.443,0.29,0.619
1641744,Zach Edey,1610612763,MEM,23.0,4,2,2,25.3,12.3,9.3,1.3,1.3,2.0,2.0,0.593,0.5,0.889
203897,Zach LaVine,1610612758,SAC,30.0,15,3,12,33.6,21.4,3.3,2.3,0.7,0.1,2.3,0.507,0.398,0.893
1630192,Zeke Nnaji,1610612743,DEN,24.0,7,7,0,6.8,1.9,0.9,0.3,0.3,0.1,0.3,0.4,0.167,0.8
1630533,Ziaire Williams,1610612751,BKN,24.0,13,3,10,22.6,9.5,2.5,0.6,0.8,0.4,0.9,0.382,0.297,0.857
1629627,Zion Williamson,1610612740,NOP,25.0,7,0,7,30.9,21.4,6.1,4.3,2.0,0.3,3.0,0.51,0.0,0.667
